title;type;price;range;brand;image
AIWAYS U5 ION 2019;BEV;Erhältlich ab 37.990 EUR;400 km;AIWAYS;https://www.e-stations.de/img/cars/AIWAYS/214-U5%20ION-3.jpg
Aston Martin DBX CONCEPT 2015;BEV;;Reichweite noch unbekannt;Aston;https://www.e-stations.de/img/cars/Aston%20Martin/dbx-4.jpg
Atlis Motor Vehicles XT Pick-up 2019;BEV;vrs. Erhältlich ab 39.300 EUR;NEFZ-Reichweite (elekt.): 805 km;Atlis;https://www.e-stations.de/img/cars/Atlis%20Motor%20Vehicles/XT-1.jpg
Audi A3 Sportback e-tron 2014;PHEV;Erhältlich ab 37.900 EUR;NEFZ-Reichweite (elekt.): 50 km;Audi;https://www.e-stations.de/img/cars/Audi/a3-2.jpg
Audi e-tron 55 quattro 2018;BEV;Erhältlich ab 81.500 EUR;NEFZ-Reichweite (elekt.): 417 km;Audi;https://www.e-stations.de/img/cars/Audi/e-tron-1.jpg
Audi e-tron 55 quattro Sportback Basis 2020;BEV;Erhältlich ab 83.750 EUR;NEFZ-Reichweite (elekt.): 417 km;Audi;https://www.e-stations.de/img/cars/Audi/e-tron-1.jpg
Audi e-tron 50 quattro 2018;BEV;Erhältlich ab 69.100 EUR;NEFZ-Reichweite (elekt.): 417 km;Audi;https://www.e-stations.de/img/cars/Audi/e-tron-1.jpg
Audi e-tron 50 quattro Sportback Basis 2020;BEV;Erhältlich ab 71.350 EUR;NEFZ-Reichweite (elekt.): 417 km;Audi;
Audi e-tron S quattro 2019;BEV;Erhältlich ab 91.435 EUR;NEFZ-Reichweite (elekt.): 417 km;Audi;
Audi e-tron Sportback S quattro 2020;BEV;Erhältlich ab 96.050 EUR;NEFZ-Reichweite (elekt.): 417 km;Audi;https://www.e-stations.de/img/cars/Audi/e-tron-quattro-concept-1.JPG
Audi e-tron quattro concept 2015;BEV;;NEFZ-Reichweite (elekt.): 500 km;Audi;
Audi Q7 e-tron 2015;PHEV;Erhältlich ab 81.900 EUR;NEFZ-Reichweite (elekt.): 46 km;Audi;https://www.e-stations.de/img/cars/Audi/Q7-1.JPG
Audi Q8 e-tron 2017;PHEV;;NEFZ-Reichweite (elekt.): 600 km;Audi;https://www.e-stations.de/img/cars/Audi/R8-5.JPG
Audi R8 e-tron 2015;BEV;;NEFZ-Reichweite (elekt.): 450 km;Audi;https://www.e-stations.de/img/cars/Audi/R8-5.JPG
BMW 2er 225xe 2015;PHEV;Erhältlich ab 38.800 EUR;NEFZ-Reichweite (elekt.): 41 km;BMW;https://www.e-stations.de/img/cars/BMW/225xe-1.JPG
BMW 3er 330e 2013;PHEV;Erhältlich ab 43.600 EUR;NEFZ-Reichweite (elekt.): 35 km;BMW;https://www.e-stations.de/img/cars/BMW/BMW3-2.JPG
BMW 5er 530e iPerformance 2017;PHEV;Erhältlich ab 56.000 EUR;NEFZ-Reichweite (elekt.): 48 km;BMW;https://www.e-stations.de/img/cars/BMW/173-5er-1.jpg
BMW 7er 740e 2015;PHEV;Erhältlich ab 93.500 EUR;NEFZ-Reichweite (elekt.): 45 km;BMW;https://www.e-stations.de/img/cars/BMW/740e-01.JPG
BMW 7er 740Le xDrive 2015;PHEV;Erhältlich ab 91.900 EUR;NEFZ-Reichweite (elekt.): 45 km;BMW;https://www.e-stations.de/img/cars/BMW/740e-08.JPG
BMW i3 (60 Ah) 2013;BEV;Erhältlich ab 34.950 EUR;NEFZ-Reichweite (elekt.): 190 km;BMW;https://www.e-stations.de/img/cars/BMW/BMW-i3-1.JPG
BMW i3 s (94 Ah) 2017;BEV;Erhältlich ab 41.150 EUR;NEFZ-Reichweite (elekt.): 240 km;BMW;https://www.e-stations.de/img/cars/BMW/i3-1.jpg
BMW i3 (94 Ah) 2015;BEV;Erhältlich ab 37.550 EUR;NEFZ-Reichweite (elekt.): 280 km;BMW;https://www.e-stations.de/img/cars/BMW/i3-16.jpg
BMW i8 Roadster 2018;PHEV;Erhältlich ab 155.000 EUR;NEFZ-Reichweite (elekt.): 53 km;BMW;https://www.e-stations.de/img/cars/BMW/175-i8-1.jpg
BMW i8 2014;PHEV;Erhältlich ab 126.000 EUR;NEFZ-Reichweite (elekt.): 37 km;BMW;https://www.e-stations.de/img/cars/BMW/i8.JPG
BMW iX3 2021;BEV;Erhältlich ab 66.300 EUR;NEFZ-Reichweite (elekt.): 458 km;BMW;
BMW X3 xDrive30e 2017;PHEV;Erhältlich ab 47.350 EUR;NEFZ-Reichweite (elekt.): 51 km;BMW;
BMW X5 45e 2019;PHEV;Erhältlich ab 67.000 EUR;Reichweite noch unbekannt;BMW;https://www.e-stations.de/img/cars/BMW/230-X5-1.jpg
BMW X5 xDrive 40e 2015;PHEV;Erhältlich ab 71.600 EUR;NEFZ-Reichweite (elekt.): 31 km;BMW;https://www.e-stations.de/img/cars/BMW/BMWX5-1.JPG
BYTON M-Byte 2019;BEV;Erhältlich ab 37.500 EUR;NEFZ-Reichweite (elekt.): 390 km;BYTON;
Chevrolet Bolt 2017;BEV;vrs. Erhältlich ab 35.000 EUR;NEFZ-Reichweite (elekt.): 320 km;Chevrolet;https://www.e-stations.de/img/cars/Chevrolet/Bolt-7.jpg
Chevrolet Spark EV 2014;BEV;;NEFZ-Reichweite (elekt.): 132 km;Chevrolet;https://www.e-stations.de/img/cars/Chevrolet/SparkEV-1.JPG
Chevrolet Volt 2010;E-REV;Erhältlich ab 41.950 EUR;Reichweite noch unbekannt;Chevrolet;https://www.e-stations.de/img/cars/Chevrolet/volt.jpg
Chevrolet Volt 2016;E-REV;;NEFZ-Reichweite (elekt.): 85 km;Chevrolet;https://www.e-stations.de/img/cars/Chevrolet/Volt2016-1.JPG
Citroen Aircross C5 2020;PHEV;Erhältlich ab 40.390 EUR;NEFZ-Reichweite (elekt.): 54 km;Citroen;
Citroen Berlingo L1 2014;BEV;Erhältlich ab 24.978 EUR (optional Akkuleasing);NEFZ-Reichweite (elekt.): 170 km;Citroen;https://www.e-stations.de/img/cars/Citroen/Citroen-Berlingo-Electrique.jpg
Citroen C-ZERO 2010;BEV;Erhältlich ab 19.800 EUR;NEFZ-Reichweite (elekt.): 150 km;Citroen;https://www.e-stations.de/img/cars/Citroen/czero.jpg
Citroen E-Mehari Cabrio 2016;BEV;Erhältlich ab 24.790 EUR;NEFZ-Reichweite (elekt.): 200 km;Citroen;https://www.e-stations.de/img/cars/Citroen/E-Mehari-1.jpg
Dacia Spring 2021;BEV;vrs. Erhältlich ab 190.000 EUR;NEFZ-Reichweite (elekt.): 225 km;Dacia;
DS Automobiles DS 3 Crossback E-Tense 2019;BEV;Erhältlich ab 37.442 EUR;NEFZ-Reichweite (elekt.): 320 km;DS;https://www.e-stations.de/img/cars/DS%20Automobiles/DS_3-1.jpg
e.GO Mobile AG e.GO Life 20 2017;BEV;Erhältlich ab 15.900 EUR;NEFZ-Reichweite (elekt.): 136 km;e.GO;https://www.e-stations.de/img/cars/e.GO%20Mobile%20AG/eGOLife-1.jpg
e.GO Mobile AG e.GO Life 40 2017;BEV;Erhältlich ab 17.400 EUR;NEFZ-Reichweite (elekt.): 146 km;e.GO;https://www.e-stations.de/img/cars/e.GO%20Mobile%20AG/eGOLife-2.jpg
e.GO Mobile AG e.GO Life 60 2017;BEV;Erhältlich ab 19.900 EUR;NEFZ-Reichweite (elekt.): 194 km;e.GO;https://www.e-stations.de/img/cars/e.GO%20Mobile%20AG/eGOLife-1.jpg
emovum (Karabag) New 500E;BEV;Erhältlich ab 34.999 EUR;NEFZ-Reichweite (elekt.): 100 km;emovum;https://www.e-stations.de/img/cars/emovum%20(Karabag)/new500e.jpg
Faraday Future FF91 Basisversion 2018;BEV;Erhältlich ab 190.000 EUR;NEFZ-Reichweite (elekt.): 608 km;Faraday;https://www.e-stations.de/img/cars/Faraday%20Future/FF91-1.jpg
Fiat Ducato Basis;BEV;;Reichweite noch unbekannt;Fiat;https://www.e-stations.de/img/cars/Fiat/206-Ducato-1.jpg
Fisker Karma ECOSTANDARD;E-REV;Erhältlich ab 114.900 EUR;NEFZ-Reichweite (elekt.): 83 km;Fisker;https://www.e-stations.de/img/cars/Fisker/karma.jpg
Ford C-Max Energi 2014;PHEV;Erhältlich ab 35.500 EUR;NEFZ-Reichweite (elekt.): 30 km;Ford;https://www.e-stations.de/img/cars/Ford/cmax.jpg
Ford Focus Electric 2012;BEV;Erhältlich ab 34.900 EUR;NEFZ-Reichweite (elekt.): 162 km;Ford;https://www.e-stations.de/img/cars/Ford/Ford-E-Focus-1.JPG
Ford Focus Electric 2016;BEV;Erhältlich ab 34.900 EUR;NEFZ-Reichweite (elekt.): 225 km;Ford;https://www.e-stations.de/img/cars/Ford/153-Focus-1.jpg
Ford Mustang Mach E 2019;BEV;Erhältlich ab 54.200 EUR;NEFZ-Reichweite (elekt.): 380 km;Ford;
German E-Cars STROMOS 2010;BEV;Erhältlich ab 41.990 EUR;NEFZ-Reichweite (elekt.): 120 km;German;https://www.e-stations.de/img/cars/German%20E-Cars/stromos.jpg
Google Car 2014;BEV;;Reichweite noch unbekannt;Google;https://www.e-stations.de/img/cars/Google/GoogleCar.JPG
Honda e 2020;BEV;Erhältlich ab 32.997 EUR;NEFZ-Reichweite (elekt.): 220 km;Honda;
Honda Urban EV Concept 2019;BEV;vrs. Erhältlich ab 32.000 EUR;Reichweite noch unbekannt;Honda;https://www.e-stations.de/img/cars/Honda/Urban%20EV-1.jpg
Hyundai Ioniq 5 2021;BEV;Erhältlich ab 59.995 EUR;NEFZ-Reichweite (elekt.): 460 km;Hyundai;
Hyundai Ioniq Plug-In Hybrid 2016;PHEV;Erhältlich ab 29.900 EUR;NEFZ-Reichweite (elekt.): 50 km;Hyundai;https://www.e-stations.de/img/cars/Hyundai/Ioniq-1.jpg
Hyundai Ioniq Electric 2016;BEV;vrs. Erhältlich ab 33.300 EUR;NEFZ-Reichweite (elekt.): 280 km;Hyundai;https://www.e-stations.de/img/cars/Hyundai/Ioniq-electric-1.jpg
Hyundai Kona Elektro 150 kW 2018;BEV;Erhältlich ab 40.794 EUR;NEFZ-Reichweite (elekt.): 484 km;Hyundai;https://www.e-stations.de/img/cars/Hyundai/Kona-1.jpg
Hyundai Kona Elektro 100 kW 2018;BEV;Erhältlich ab 33.971 EUR;NEFZ-Reichweite (elekt.): 305 km;Hyundai;
Hyundai Kona Hybrid 2019;PHEV;Erhältlich ab 26.900 EUR;Reichweite noch unbekannt;Hyundai;
I SEE Electric Trucks e-Vivaro 2019;BEV;;NEFZ-Reichweite (elekt.): 300 km;I SEE;https://www.e-stations.de/img/cars/I%20SEE%20Electric%20Trucks/221-Vivaro-1.jpg
IMA Colibri Prime 2013;BEV;Erhältlich ab 14.990 EUR;NEFZ-Reichweite (elekt.): 110 km;IMA;https://www.e-stations.de/img/cars/IMA/Colibri.jpg
Jaguar I-PACE EV400 AWD 2019;BEV;Erhältlich ab 79.450 EUR;NEFZ-Reichweite (elekt.): 470 km;Jaguar;https://www.e-stations.de/img/cars/Jaguar/I-PACE-14.jpg
Kia Ceed 2019;PHEV;;Reichweite noch unbekannt;Kia;https://www.e-stations.de/img/cars/Kia/218-Ceed-1.jpg
Kia e-Niro 39,2 kWh 2018;BEV;Erhältlich ab 34.400 EUR;NEFZ-Reichweite (elekt.): 312 km;Kia;https://www.e-stations.de/img/cars/Kia/156-Niro-1.jpg
Kia e-Niro 64 kWh 2018;BEV;Erhältlich ab 38.104 EUR;NEFZ-Reichweite (elekt.): 485 km;Kia;https://www.e-stations.de/img/cars/Kia/156-Niro-1.jpg
Kia Niro Plug-in Hybrid Edition 7 2017;PHEV;Erhältlich ab 32.750 EUR;NEFZ-Reichweite (elekt.): 58 km;Kia;
Kia Optima 2.0 GDI 2017;PHEV;Erhältlich ab 40.490 EUR;NEFZ-Reichweite (elekt.): 54 km;Kia;https://www.e-stations.de/img/cars/Kia/168-Optima-1.jpg
Kia Soul 2017;BEV;Erhältlich ab 29.490 EUR;NEFZ-Reichweite (elekt.): 250 km;Kia;https://www.e-stations.de/img/cars/Kia/kia_soul_015.JPG
Kia Soul 2019;BEV;;NEFZ-Reichweite (elekt.): 400 km;Kia;
Kia Soul 2014;BEV;Erhältlich ab 30.790 EUR;NEFZ-Reichweite (elekt.): 212 km;Kia;https://www.e-stations.de/img/cars/Kia/kia_soul_015.JPG
Kia xCeed 2019;PHEV;;Reichweite noch unbekannt;Kia;https://www.e-stations.de/img/cars/Kia/217-xCeed-1.jpg
Land Rover Range Rover Sport P400e 2017;PHEV;Erhältlich ab 90.100 EUR;NEFZ-Reichweite (elekt.): 51 km;Land Rover;https://www.e-stations.de/img/cars/Land%20Rover/176-Range%20Rover%20Sport-1.jpg
Mazda Motors MX-30 2019;BEV;Erhältlich ab 33.990 EUR;NEFZ-Reichweite (elekt.): 200 km;Mazda;
Mercedes A-Klasse E-CELL 2010;BEV;;NEFZ-Reichweite (elekt.): 255 km;Mercedes;https://www.e-stations.de/img/cars/Mercedes/aklasse.jpg
Mercedes A-Klasse F-CELL 2010;FCEV;Erhältlich ab 16.269 EUR;NEFZ-Reichweite (elekt.): 385 km;Mercedes;https://www.e-stations.de/img/cars/Mercedes/aklasse.jpg
Mercedes B-Klasse Electric Drive 2013;BEV;Erhältlich ab 39.151 EUR;NEFZ-Reichweite (elekt.): 200 km;Mercedes;https://www.e-stations.de/img/cars/Mercedes/bklasse.jpg
Mercedes C-Klasse C 350 e 2015;PHEV;Erhältlich ab 51.051 EUR;NEFZ-Reichweite (elekt.): 31 km;Mercedes;https://www.e-stations.de/img/cars/Mercedes/C350-1.JPG
Mercedes C-Klasse C 350 e T-Modell 2015;PHEV;Erhältlich ab 52.627 EUR;NEFZ-Reichweite (elekt.): 31 km;Mercedes;https://www.e-stations.de/img/cars/Mercedes/C350T-1.JPG
Mercedes CETOS 2010;BEV;;NEFZ-Reichweite (elekt.): 130 km;Mercedes;https://www.e-stations.de/img/cars/Mercedes/vito.jpg
Mercedes CETOS Kombi 2010;BEV;Erhältlich ab 30.000 EUR;NEFZ-Reichweite (elekt.): 130 km;Mercedes;https://www.e-stations.de/img/cars/Mercedes/vito.jpg
Mercedes E-Klasse E 350 e 2016;PHEV;Erhältlich ab 59.440 EUR;NEFZ-Reichweite (elekt.): 30 km;Mercedes;https://www.e-stations.de/img/cars/Mercedes/E-Klasse-1.jpg
Mercedes EQC 400 4MATIC 2019;BEV;Erhältlich ab 71.281 EUR;NEFZ-Reichweite (elekt.): 450 km;Mercedes;https://www.e-stations.de/img/cars/Mercedes/187-EQC-1.jpg
Mercedes EQV 2019;BEV;Erhältlich ab 69.020 EUR;NEFZ-Reichweite (elekt.): 418 km;Mercedes;https://www.e-stations.de/img/cars/Mercedes/187-EQC-1.jpg
Mercedes eVito Tourer 2019;BEV;Erhältlich ab 53.990 EUR;NEFZ-Reichweite (elekt.): 421 km;Mercedes;https://www.e-stations.de/img/cars/Mercedes/167-eVito-1.jpg
Mercedes F 015 Luxury in Motion 2015;BEV;;Reichweite noch unbekannt;Mercedes;https://www.e-stations.de/img/cars/Mercedes/F015-1.JPG
Mercedes GLC 350 e 4MATIC 2015;PHEV;;NEFZ-Reichweite (elekt.): 34 km;Mercedes;https://www.e-stations.de/img/cars/Mercedes/GLC-1.JPG
Mercedes GLE 500 e 4MATIC 2015;PHEV;Erhältlich ab 73.899 EUR;NEFZ-Reichweite (elekt.): 30 km;Mercedes;https://www.e-stations.de/img/cars/Mercedes/GLE-1.JPG
Mercedes Maybach 6 2016;BEV;;NEFZ-Reichweite (elekt.): 500 km;Mercedes;https://www.e-stations.de/img/cars/Mercedes/Maybach-1.jpg
Mercedes S-Klasse S 500 e lang 2014;PHEV;Erhältlich ab 109.778 EUR;NEFZ-Reichweite (elekt.): 33 km;Mercedes;https://www.e-stations.de/img/cars/Mercedes/sklasse.jpg
Mercedes SLS AMG AMG Coupé Electric Drive 2013;BEV;Erhältlich ab 416.500 EUR;NEFZ-Reichweite (elekt.): 250 km;Mercedes;https://www.e-stations.de/img/cars/Mercedes/slsamg.jpg
mia electric mia;BEV;Erhältlich ab 25.504 EUR;Reichweite noch unbekannt;mia;https://www.e-stations.de/img/cars/mia%20electric/mia.jpg
mia electric mia;BEV;Erhältlich ab 28.994 EUR;Reichweite noch unbekannt;mia;https://www.e-stations.de/img/cars/mia%20electric/mia.jpg
Micro Mobility Systems AG Microlino Basisversion 2018;BEV;Erhältlich ab 12.000 EUR;NEFZ-Reichweite (elekt.): 120 km;Micro;https://www.e-stations.de/img/cars/Micro%20Mobility%20Systems%20AG/Microlino-1.jpg
MINI Cooper S E Countryman ALL4 2017;PHEV;Erhältlich ab 36.500 EUR;NEFZ-Reichweite (elekt.): 42 km;MINI;https://www.e-stations.de/img/cars/MINI/Cooper-1.jpg
MINI Cooper SE 2019;BEV;Erhältlich ab 32.500 EUR;NEFZ-Reichweite (elekt.): 242 km;MINI;https://www.e-stations.de/img/cars/MINI/Cooper-1.jpg
Mitsubishi Electric Vehicle 2010;BEV;Erhältlich ab 23.790 EUR;NEFZ-Reichweite (elekt.): 150 km;Mitsubishi;https://www.e-stations.de/img/cars/Mitsubishi/imiev.jpg
Mitsubishi Outlander Plug-In Hybrid 2014;PHEV;Erhältlich ab 39.990 EUR;NEFZ-Reichweite (elekt.): 52 km;Mitsubishi;https://www.e-stations.de/img/cars/Mitsubishi/Outlander1.jpg
Mitsubishi Outlander Plug-In Hybrid 2016;PHEV;Erhältlich ab 39.990 EUR;NEFZ-Reichweite (elekt.): 52 km;Mitsubishi;https://www.e-stations.de/img/cars/Mitsubishi/Outlander-2016-1.JPG
Nissan e-NV200 Kastenwagen 2017;BEV;Erhältlich ab 34.105 EUR;NEFZ-Reichweite (elekt.): 280 km;Nissan;https://www.e-stations.de/img/cars/Nissan/e-NV200-1.jpg
Nissan e-NV200 Kastenwagen Pro 2014;BEV;Erhältlich ab 25.058 EUR;NEFZ-Reichweite (elekt.): 163 km;Nissan;https://www.e-stations.de/img/cars/Nissan/eNV200-1.jpg
Nissan LEAF 2017;BEV;Erhältlich ab 31.950 EUR;NEFZ-Reichweite (elekt.): 378 km;Nissan;https://www.e-stations.de/img/cars/Nissan/LEAF-1.jpg
Nissan LEAF Visia (Basisversion) 2013;BEV;Erhältlich ab 28.960 EUR (optional Akkuleasing);NEFZ-Reichweite (elekt.): 199 km;Nissan;https://www.e-stations.de/img/cars/Nissan/leaf.jpg
Nissan LEAF Acenta 2013;BEV;Erhältlich ab 31.960 EUR (optional Akkuleasing);NEFZ-Reichweite (elekt.): 199 km;Nissan;https://www.e-stations.de/img/cars/Nissan/leaf.jpg
Nissan LEAF Tekna 2013;BEV;Erhältlich ab 34.360 EUR (optional Akkuleasing);NEFZ-Reichweite (elekt.): 199 km;Nissan;https://www.e-stations.de/img/cars/Nissan/leaf.jpg
Nissan LEAF E+ 2019;BEV;Erhältlich ab 44.700 EUR;NEFZ-Reichweite (elekt.): 528 km;Nissan;https://www.e-stations.de/img/cars/Nissan/LEAF-1.jpg
Nissan LEAF ZE1 MY19 2019;BEV;Erhältlich ab 36.800 EUR;NEFZ-Reichweite (elekt.): 389 km;Nissan;
Nissan LEAF Tekna 2015;BEV;Erhältlich ab 36.360 EUR (optional Akkuleasing);NEFZ-Reichweite (elekt.): 250 km;Nissan;
Opel Ampera 2011;E-REV;Erhältlich ab 38.620 EUR;NEFZ-Reichweite (elekt.): 80 km;Opel;https://www.e-stations.de/img/cars/Opel/ampera.jpg
Opel Ampera-E 2017;BEV;Erhältlich ab 39.680 EUR;NEFZ-Reichweite (elekt.): 520 km;Opel;https://www.e-stations.de/img/cars/Opel/Ampera-E-1.jpg
Opel e-Corsa 2019;BEV;Erhältlich ab 29.900 EUR;NEFZ-Reichweite (elekt.): 330 km;Opel;https://www.e-stations.de/img/cars/Opel/204-e-Corsa-1.jpg
Opel Grandland XHybrid4 SUV 2019;PHEV;Erhältlich ab 50.000 EUR;NEFZ-Reichweite (elekt.): 50 km;Opel;https://www.e-stations.de/img/cars/Opel/213-Grandland_XHybrid4-1.jpg
Opel Mokka-e 2020;BEV;Erhältlich ab 35.000 EUR;NEFZ-Reichweite (elekt.): 322 km;Opel;https://www.e-stations.de/img/cars/Opel/234-Mokka-e-1.jpg
Peugeot e-2008;BEV;Erhältlich ab 35.250 EUR;Reichweite noch unbekannt;Peugeot;
Peugeot e-208 2019;BEV;Erhältlich ab 30.450 EUR;NEFZ-Reichweite (elekt.): 340 km;Peugeot;
Peugeot e-Legend Concept 2019;BEV;;Reichweite noch unbekannt;Peugeot;https://www.e-stations.de/img/cars/Peugeot/e-Legend-1.jpg
Peugeot iOn 2010;BEV;Erhältlich ab 17.850 EUR;Reichweite noch unbekannt;Peugeot;https://www.e-stations.de/img/cars/Peugeot/iOn.jpg
Peugeot Partner Tepee 2017;BEV;Erhältlich ab 20.800 EUR;NEFZ-Reichweite (elekt.): 170 km;Peugeot;
Peugeot Partner L1 2014;BEV;Erhältlich ab 31.059 EUR;NEFZ-Reichweite (elekt.): 170 km;Peugeot;https://www.e-stations.de/img/cars/Peugeot/peugeot-partner-electric.jpg
Polestar Polestar 1 Basisversion 2020;PHEV;Erhältlich ab 151.092 EUR;NEFZ-Reichweite (elekt.): 150 km;Polestar;
Polestar Polestar 2 2020;BEV;Erhältlich ab 53.540 EUR;NEFZ-Reichweite (elekt.): 470 km;Polestar;
Porsche 918 Spyder 2013;PHEV;Erhältlich ab 768.026 EUR;NEFZ-Reichweite (elekt.): 25 km;Porsche;https://www.e-stations.de/img/cars/Porsche/Porsche-918-1.JPG
Porsche Cayenne S E-Hybrid 2014;PHEV;Erhältlich ab 82.920 EUR;NEFZ-Reichweite (elekt.): 36 km;Porsche;https://www.e-stations.de/img/cars/Porsche/cayenne1.jpg
Porsche Mission E 2015;BEV;;NEFZ-Reichweite (elekt.): 500 km;Porsche;https://www.e-stations.de/img/cars/Porsche/Mission-E-1.jpg
Porsche Panamera S E-Hybrid 2013;PHEV;Erhältlich ab 104.340 EUR;NEFZ-Reichweite (elekt.): 36 km;Porsche;https://www.e-stations.de/img/cars/Porsche/panamera.jpg
Porsche Taycan 4S 2019;BEV;Erhältlich ab 105.607 EUR;NEFZ-Reichweite (elekt.): 412 km;Porsche;https://www.e-stations.de/img/cars/Porsche/191-Taycan-1.jpg
Porsche Taycan Cross Turismo 2019;BEV;Erhältlich ab 152.000 EUR;NEFZ-Reichweite (elekt.): 500 km;Porsche;https://www.e-stations.de/img/cars/Porsche/Taycan-1.jpg
Porsche Taycan Turbo 2019;BEV;Erhältlich ab 152.136 EUR;NEFZ-Reichweite (elekt.): 500 km;Porsche;https://ev-database.de/pkw/1116/Porsche-Taycan-Turbo-S
Porsche Taycan Turbo S 2019;BEV;Erhältlich ab 185.456 EUR;NEFZ-Reichweite (elekt.): 500 km;Porsche;https://ev-database.de/pkw/1116/Porsche-Taycan-Turbo-S
QUANT e-Sportlimousine 2014;BEV;;NEFZ-Reichweite (elekt.): 600 km;QUANT;https://www.e-stations.de/img/cars/QUANT/quant.jpg
Renault Fluence Expression 2012;BEV;Erhältlich ab 25.690 EUR;NEFZ-Reichweite (elekt.): 185 km;Renault;https://www.e-stations.de/img/cars/Renault/Fluence-1.JPG
Renault Kangoo Maxi 2017;BEV;Erhältlich ab 31.120 EUR (optional Akkuleasing);NEFZ-Reichweite (elekt.): 270 km;Renault;
Renault Kangoo 2017;BEV;Erhältlich ab 29.920 EUR (optional Akkuleasing);NEFZ-Reichweite (elekt.): 270 km;Renault;
Renault Kangoo 2011;BEV;Erhältlich ab 23.800 EUR;Reichweite noch unbekannt;Renault;https://www.e-stations.de/img/cars/Renault/Kangoo-1.JPG
Renault Kangoo Maxi 2011;BEV;Erhältlich ab 26.180 EUR;Reichweite noch unbekannt;Renault;https://www.e-stations.de/img/cars/Renault/Kangoo-Maxi-1.JPG
Renault MASTER Z.E. Basisversion 2018;BEV;Erhältlich ab 59.900 EUR;NEFZ-Reichweite (elekt.): 200 km;Renault;https://www.e-stations.de/img/cars/Renault/184-MASTER%20Z.E.-1.jpg
Renault Twingo Z.E. 2020;BEV;Erhältlich ab 21.500 EUR;NEFZ-Reichweite (elekt.): 180 km;Renault;
Renault Twizy Urban 2011;BEV;Erhältlich ab 7.690 EUR;NEFZ-Reichweite (elekt.): 100 km;Renault;https://www.e-stations.de/img/cars/Renault/Twizy-1.JPG
Renault Twizy Cargo Life 2013;BEV;Erhältlich ab 8.680 EUR;Reichweite noch unbekannt;Renault;https://www.e-stations.de/img/cars/Renault/twizycargo.jpg
Renault ZOE R240 Life 2012;BEV;Erhältlich ab 21.700 EUR;NEFZ-Reichweite (elekt.): 210 km;Renault;https://www.e-stations.de/img/cars/Renault/zoe.jpg
Renault ZOE Life R110 Z.E. 40;BEV;Erhältlich ab 21.900 EUR;NEFZ-Reichweite (elekt.): 316 km;Renault;
Renault ZOE Life R110 Z.E. 50;BEV;Erhältlich ab 23.900 EUR;NEFZ-Reichweite (elekt.): 395 km;Renault;
Renault ZOE EXPERIENCE R110 Z.E. 50;BEV;Erhältlich ab 24.900 EUR;NEFZ-Reichweite (elekt.): 395 km;Renault;
Renault ZOE EXPERIENCE R135 Z.E. 50;BEV;Erhältlich ab 25.900 EUR;NEFZ-Reichweite (elekt.): 386 km;Renault;
Renault ZOE INTENS R135 Z.E. 50;BEV;Erhältlich ab 27.900 EUR;NEFZ-Reichweite (elekt.): 386 km;Renault;
Renault ZOE R90 Life 2015;BEV;Erhältlich ab 21.500 EUR;NEFZ-Reichweite (elekt.): 240 km;Renault;https://www.e-stations.de/img/cars/Renault/zoe.jpg
Renault ZOE Q90 Life 2016;BEV;Erhältlich ab 32.900 EUR (optional Akkuleasing);NEFZ-Reichweite (elekt.): 400 km;Renault;https://www.e-stations.de/img/cars/Renault/ZOE-1.jpg
Rimac Concept_One 2014;BEV;;NEFZ-Reichweite (elekt.): 500 km;Rimac;https://www.e-stations.de/img/cars/Rimac/Rimac-1.JPG
Seat El Born 2020;BEV;Erhältlich ab 37.500 EUR;NEFZ-Reichweite (elekt.): 420 km;Seat;https://www.e-stations.de/img/cars/Seat/208-El_Born-1.jpg
Seat Mii electric 2019;BEV;Erhältlich ab 20.650 EUR;NEFZ-Reichweite (elekt.): 353 km;Seat;https://www.e-stations.de/img/cars/Seat/eMii-1.jpg
Skoda Enyaq iV 60 2021;BEV;Erhältlich ab 38.850 EUR;NEFZ-Reichweite (elekt.): 390 km;Skoda;
Skoda Superb iV 2019;PHEV;Erhältlich ab 41.590 EUR;NEFZ-Reichweite (elekt.): 55 km;Skoda;
SKODA AUTO e-Citigo e iV 2019;PHEV;Erhältlich ab 41.590 EUR;NEFZ-Reichweite (elekt.): 265 km;SKODA;
Smart cabrio EQ 2016;BEV;Erhältlich ab 25.200 EUR;NEFZ-Reichweite (elekt.): 160 km;Smart;https://www.e-stations.de/img/cars/Smart/cabrio-1.jpg
Smart forfour EQ 2016;BEV;Erhältlich ab 22.600 EUR;NEFZ-Reichweite (elekt.): 155 km;Smart;https://www.e-stations.de/img/cars/Smart/forfour-1.jpg
Smart fortwo Coupé 2012;BEV;Erhältlich ab 18.910 EUR;NEFZ-Reichweite (elekt.): 145 km;Smart;https://www.e-stations.de/img/cars/Smart/smarted.jpg
Smart fortwo Coupé 2012;BEV;Erhältlich ab 29.990 EUR;NEFZ-Reichweite (elekt.): 145 km;Smart;https://www.e-stations.de/img/cars/Smart/smart-ed-BRABUS.jpg
Smart fortwo Cabrio 2012;BEV;Erhältlich ab 26.690 EUR;NEFZ-Reichweite (elekt.): 145 km;Smart;https://www.e-stations.de/img/cars/Smart/smarted.jpg
Smart fortwo Coupé 2012;BEV;Erhältlich ab 23.680 EUR;NEFZ-Reichweite (elekt.): 145 km;Smart;https://www.e-stations.de/img/cars/Smart/smarted.jpg
Smart fortwo Cabrio 2012;BEV;Erhältlich ab 33.080 EUR;NEFZ-Reichweite (elekt.): 145 km;Smart;https://www.e-stations.de/img/cars/Smart/brabus.jpg
Smart fortwo Cabrio 2012;BEV;Erhältlich ab 22.000 EUR;NEFZ-Reichweite (elekt.): 145 km;Smart;
Smart fortwo EQ 2016;BEV;Erhältlich ab 21.940 EUR;NEFZ-Reichweite (elekt.): 160 km;Smart;https://www.e-stations.de/img/cars/Smart/fortwo-1.jpg
Sono Motors GmbH Sion 2017;BEV;Erhältlich ab 25.500 EUR;NEFZ-Reichweite (elekt.): 255 km;Sono;https://www.e-stations.de/img/cars/Sono%20Motors%20GmbH/179-Sion-1.jpg
StreetScooter StreetScooter L Box 2016;BEV;Erhältlich ab 42.950 EUR;NEFZ-Reichweite (elekt.): 205 km;StreetScooter;https://www.e-stations.de/img/cars/StreetScooter/165-StreetScooter-1.JPG
StreetScooter StreetScooter Box 2016;BEV;Erhältlich ab 35.950 EUR;NEFZ-Reichweite (elekt.): 118 km;StreetScooter;https://www.e-stations.de/img/cars/StreetScooter/streetscooter.jpg
Tazzari Zero EM1 2009;BEV;vrs. Erhältlich ab 24.600 EUR;NEFZ-Reichweite (elekt.): 140 km;Tazzari;
Tazzari ZERO EM2 SPACE Basisversion 2018;BEV;vrs. Erhältlich ab 22.800 EUR;NEFZ-Reichweite (elekt.): 200 km;Tazzari;
Tesla Model 3 Maximale Reichweiter 2018;BEV;Erhältlich ab 54.800 EUR;NEFZ-Reichweite (elekt.): 560 km;Tesla;https://www.carwow.de/tesla/model-3
Tesla Model 3 Standard Plus 2018;BEV;Erhältlich ab 44.500 EUR;NEFZ-Reichweite (elekt.): 415 km;Tesla;https://www.carwow.de/tesla/model-3
Tesla Model 3 Dual Motor 2018;BEV;Erhältlich ab 64.600 EUR;NEFZ-Reichweite (elekt.): 530 km;Tesla;https://www.e-stations.de/img/cars/Tesla/Model%203-1.jpg
Tesla Model S 60 2012;BEV;Erhältlich ab 80.819 EUR;NEFZ-Reichweite (elekt.): 400 km;Tesla;https://www.e-stations.de/img/cars/Tesla/models.jpg
Tesla Model S 85 2012;BEV;Erhältlich ab 87.400 EUR;NEFZ-Reichweite (elekt.): 502 km;Tesla;https://www.e-stations.de/img/cars/Tesla/models.jpg
Tesla Model S P85 2012;BEV;Erhältlich ab 87.600 EUR;NEFZ-Reichweite (elekt.): 502 km;Tesla;https://www.e-stations.de/img/cars/Tesla/models.jpg
Tesla Model S 75D 2015;BEV;Erhältlich ab 84.470 EUR;NEFZ-Reichweite (elekt.): 442 km;Tesla;https://www.e-stations.de/img/cars/Tesla/models.jpg
Tesla Model S 85D 2015;BEV;Erhältlich ab 94.700 EUR;NEFZ-Reichweite (elekt.): 528 km;Tesla;https://www.e-stations.de/img/cars/Tesla/models.jpg
Tesla Model S P85D 2015;BEV;Erhältlich ab 117.000 EUR;NEFZ-Reichweite (elekt.): 491 km;Tesla;https://www.e-stations.de/img/cars/Tesla/models.jpg
Tesla Model S 75 2015;BEV;Erhältlich ab 68.970 EUR;NEFZ-Reichweite (elekt.): 420 km;Tesla;
Tesla Model S P100D 2016;BEV;Erhältlich ab 157.670 EUR;NEFZ-Reichweite (elekt.): 613 km;Tesla;https://www.e-stations.de/img/cars/Tesla/models.jpg
Tesla Model S 100D 2017;BEV;Erhältlich ab 109.920 EUR;NEFZ-Reichweite (elekt.): 632 km;Tesla;https://www.e-stations.de/img/cars/Tesla/models.jpg
Tesla Model X 90D 2015;BEV;Erhältlich ab 103.540 EUR;NEFZ-Reichweite (elekt.): 489 km;Tesla;https://www.e-stations.de/img/cars/Tesla/Model-X-1.jpg
Tesla Model X P90D 2015;BEV;Erhältlich ab 117.700 EUR;NEFZ-Reichweite (elekt.): 467 km;Tesla;https://www.e-stations.de/img/cars/Tesla/Model-X-1.jpg
Tesla Model X P100D 2015;BEV;Erhältlich ab 156.100 EUR;NEFZ-Reichweite (elekt.): 542 km;Tesla;https://www.e-stations.de/img/cars/Tesla/Model-X-1.jpg
Tesla Model Y 2021;BEV;Erhältlich ab 60.980 EUR;NEFZ-Reichweite (elekt.): 505 km;Tesla;https://www.e-stations.de/img/cars/Tesla/209-Model%20Y-1.jpg
Tesla Roadster 2 2019;BEV;;NEFZ-Reichweite (elekt.): 1000 km;Tesla;https://www.e-stations.de/img/cars/Tesla/Roadster-1.jpg
Thunder Power Sedan 2015;BEV;vrs. Erhältlich ab 65.000 EUR;NEFZ-Reichweite (elekt.): 650 km;Thunder;https://www.e-stations.de/img/cars/Thunder%20Power/Thunder-Power-Sedan-1.JPG
Toyota iQ EV 2014;BEV;Erhältlich ab 36.000 EUR;NEFZ-Reichweite (elekt.): 85 km;Toyota;https://www.e-stations.de/img/cars/Toyota/toyotaiqev.jpg
Toyota Mirai 2014;FCEV;Erhältlich ab 78.540 EUR;NEFZ-Reichweite (elekt.): 500 km;Toyota;https://www.e-stations.de/img/cars/Toyota/Mirai-1.JPG
Toyota Prius Plug-in Hybrid 2012;PHEV;Erhältlich ab 36.600 EUR;NEFZ-Reichweite (elekt.): 25 km;Toyota;https://www.e-stations.de/img/cars/Toyota/PriusPHEV-1.JPG
Toyota Prius Plug-In 2019;PHEV;;NEFZ-Reichweite (elekt.): 59 km;Toyota;
Toyota Proace Electric 50 kWh 2021;BEV;;NEFZ-Reichweite (elekt.): 221 km;Toyota;
Toyota Proace Electric 75 kWh 2021;BEV;;NEFZ-Reichweite (elekt.): 318 km;Toyota;
Toyota Proace Verso Electric 50 kWh 2021;BEV;;NEFZ-Reichweite (elekt.): 219 km;Toyota;
Toyota Proace Verso Electric 75 kWh 2021;BEV;;NEFZ-Reichweite (elekt.): 314 km;Toyota;
Toyota RAV4 Plug-In;PHEV;;NEFZ-Reichweite (elekt.): 98 km;Toyota;
Volkswagen ABT e-Transporter 2019;BEV;Erhältlich ab 44.990 EUR;NEFZ-Reichweite (elekt.): 138 km;Volkswagen;
Volkswagen BUDD-e Concept 2019;BEV;;NEFZ-Reichweite (elekt.): 533 km;Volkswagen;https://www.e-stations.de/img/cars/Volkswagen/BUDD-e-1.jpg
Volkswagen Crafter 2019;BEV;Erhältlich ab 69.500 EUR;NEFZ-Reichweite (elekt.): 173 km;Volkswagen;https://www.e-stations.de/img/cars/Volkswagen/207-Crafter-1.jpg
Volkswagen Cross Coupé GTE 2015;PHEV;;NEFZ-Reichweite (elekt.): 32 km;Volkswagen;https://www.e-stations.de/img/cars/Volkswagen/VW-Cross-Coupe.jpg
Volkswagen e-Golf 2014;BEV;Erhältlich ab 34.900 EUR;NEFZ-Reichweite (elekt.): 190 km;Volkswagen;https://www.e-stations.de/img/cars/Volkswagen/e-Golf-1.JPG
Volkswagen e-Golf 2017;BEV;Erhältlich ab 35.900 EUR;NEFZ-Reichweite (elekt.): 300 km;Volkswagen;https://www.google.com/imgres?imgurl=https%3A%2F%2Fwww.autozeitung.de%2Fassets%2Ffield%2Fimage%2Fvw-e-golf-2017-_2_.jpg&imgrefurl=https%3A%2F%2Fwww.autozeitung.de%2Fvw-e-golf-facelift-2017-preis-technische-daten-137544.html&tbnid=rSrDETM-arM2tM&vet=12ahUKEwiZyIDTsL_4AhUK-xoKHSzaBdUQMygAegUIARDWAQ..i&docid=st0t4eptapMewM&w=1200&h=722&q=e%20golf&ved=2ahUKEwiZyIDTsL_4AhUK-xoKHSzaBdUQMygAegUIARDWAQ
Volkswagen e-Up! 2012;BEV;Erhältlich ab 26.900 EUR;NEFZ-Reichweite (elekt.): 160 km;Volkswagen;https://www.e-stations.de/img/cars/Volkswagen/eUp-1.JPG
Volkswagen e-Up! 2014;BEV;Erhältlich ab 27.425 EUR;NEFZ-Reichweite (elekt.): 160 km;Volkswagen;https://www.e-stations.de/img/cars/Volkswagen/E-Load.jpg
Volkswagen Golf GTE 2014;PHEV;Erhältlich ab 36.900 EUR;NEFZ-Reichweite (elekt.): 50 km;Volkswagen;https://www.e-stations.de/img/cars/Volkswagen/Golf-GTE-1.JPG
Volkswagen I.D. 2018;BEV;Erhältlich ab 29.900 EUR;Reichweite noch unbekannt;Volkswagen;https://www.e-stations.de/img/cars/Volkswagen/182-I.D-1.jpg
Volkswagen I.D. BUZZ;BEV;;NEFZ-Reichweite (elekt.): 600 km;Volkswagen;https://www.e-stations.de/img/cars/Volkswagen/152-I.D.-1.jpg
Volkswagen I.D. CROZZ 2017;BEV;Erhältlich ab 32.500 EUR;NEFZ-Reichweite (elekt.): 500 km;Volkswagen;https://www.e-stations.de/img/cars/Volkswagen/180-I.D.%20CROZZ-1.jpg
Volkswagen I.D. VIZZION Basisversion 2018;BEV;Erhältlich ab 52.000 EUR;Reichweite noch unbekannt;Volkswagen;https://www.e-stations.de/img/cars/Volkswagen/181-I.D.%20VIZZION-1.jpg
Volkswagen ID. 3 2020;BEV;Erhältlich ab 29.900 EUR;NEFZ-Reichweite (elekt.): 330 km;Volkswagen;
Volkswagen ID. 3 2020;BEV;Erhältlich ab 45.995 EUR;NEFZ-Reichweite (elekt.): 420 km;Volkswagen;
Volkswagen ID. 3 2020;BEV;Erhältlich ab 49.995 EUR;NEFZ-Reichweite (elekt.): 550 km;Volkswagen;
Volkswagen ID.4 2020;BEV;Erhältlich ab 44.450 EUR (optional Akkuleasing);NEFZ-Reichweite (elekt.): 522 km;Volkswagen;
Volkswagen Passat Variant GTE 2014;PHEV;Erhältlich ab 45.250 EUR;NEFZ-Reichweite (elekt.): 50 km;Volkswagen;https://www.e-stations.de/img/cars/Volkswagen/Passat-1.jpg
Volkswagen Passat Limousine GTE 2014;PHEV;Erhältlich ab 44.250 EUR;NEFZ-Reichweite (elekt.): 50 km;Volkswagen;https://www.e-stations.de/img/cars/Volkswagen/passat.JPG
Volkswagen Tiguan GTE 2015;PHEV;;NEFZ-Reichweite (elekt.): 50 km;Volkswagen;https://www.e-stations.de/img/cars/Volkswagen/Tiguan-GTE-Concept-1.JPG
Volkswagen XL1 2014;PHEV;Erhältlich ab 111.000 EUR;NEFZ-Reichweite (elekt.): 50 km;Volkswagen;https://www.e-stations.de/img/cars/Volkswagen/xl1_fluegeltuere.jpg
Volvo 90 T8 TWIN ENGINE AWD 2017;PHEV;Erhältlich ab 72.800 EUR;Reichweite noch unbekannt;Volvo;https://www.e-stations.de/img/cars/Volvo/S90-1.jpg
Volvo 90 S90 T8 Twin Engine 2016;PHEV;Erhältlich ab 69.240 EUR;NEFZ-Reichweite (elekt.): 45 km;Volvo;
Volvo V60 D6 AWD 2014;PHEV;Erhältlich ab 56.200 EUR;NEFZ-Reichweite (elekt.): 50 km;Volvo;https://www.e-stations.de/img/cars/Volvo/v60.jpg
Volvo XC60 T8 Twin Engine 2018;PHEV;Erhältlich ab 41.400 EUR;NEFZ-Reichweite (elekt.): 50 km;Volvo;https://www.e-stations.de/img/cars/Volvo/v60.jpg
Volvo XC90 T8 Twin Engine 2014;PHEV;Erhältlich ab 76.705 EUR;NEFZ-Reichweite (elekt.): 43 km;Volvo;https://www.e-stations.de/img/cars/Volvo/xc90-1.JPG
